reorder,protocol,run,goodput,retransmissions,time
0,stop-and-wait,0,30985.2,0,1.291
0,stop-and-wait,1,30847.9,0,1.297
0,stop-and-wait,2,31015.6,0,1.29
0,gbn,0,199221.5,0,0.201
0,gbn,1,206604.8,0,0.194
0,gbn,2,203982.3,0,0.196
0,sr,0,204620.4,0,0.195
0,sr,1,206768.5,0,0.193
0,sr,2,206708.6,0,0.194
0.1,stop-and-wait,0,27285.4,0,1.466
0.1,stop-and-wait,1,28252.9,0,1.416
0.1,stop-and-wait,2,27915.2,0,1.433
0.1,gbn,0,64593.3,24,0.619
0.1,gbn,1,44252.2,40,0.904
0.1,gbn,2,118377.0,4,0.338
0.1,sr,0,176547.6,0,0.227
0.1,sr,1,164789.6,0,0.243
0.1,sr,2,139820.9,0,0.286
0.2,stop-and-wait,0,24796.5,0,1.613
0.2,stop-and-wait,1,26012.0,0,1.538
0.2,stop-and-wait,2,26905.0,0,1.487
0.2,gbn,0,43910.6,35,0.911
0.2,gbn,1,30701.8,60,1.303
0.2,gbn,2,124427.3,6,0.321
0.2,sr,0,138961.5,0,0.288
0.2,sr,1,138203.1,0,0.289
0.2,sr,2,157889.1,0,0.253
0.3,stop-and-wait,0,22924.5,0,1.745
0.3,stop-and-wait,1,24108.8,0,1.659
0.3,stop-and-wait,2,24045.6,0,1.664
0.3,gbn,0,44672.2,35,0.895
0.3,gbn,1,28568.9,60,1.4
0.3,gbn,2,26423.8,72,1.514
0.3,sr,0,147785.2,0,0.271
0.3,sr,1,133697.3,0,0.299
0.3,sr,2,147049.4,0,0.272
0.4,stop-and-wait,0,20461.8,0,1.955
0.4,stop-and-wait,1,22197.4,0,1.802
0.4,stop-and-wait,2,20931.9,0,1.911
0.4,gbn,0,16420.5,106,2.436
0.4,gbn,1,23270.0,64,1.719
0.4,gbn,2,16512.7,110,2.422
0.4,sr,0,124905.0,0,0.32
0.4,sr,1,125706.8,0,0.318
0.4,sr,2,137902.4,0,0.29
