window,protocol,run,goodput,retransmissions,time
1,stop-and-wait,0,15378.6,12,2.601
1,stop-and-wait,1,15413.4,12,2.595
1,stop-and-wait,2,16043.8,11,2.493
1,gbn,0,15347.3,12,2.606
1,gbn,1,15372.8,12,2.602
1,gbn,2,16065.7,11,2.49
1,sr,0,15322.7,12,2.611
1,sr,1,15394.4,12,2.598
1,sr,2,16066.1,11,2.49
2,stop-and-wait,0,15420.7,12,2.594
2,stop-and-wait,1,15308.2,12,2.613
2,stop-and-wait,2,15949.8,11,2.508
2,gbn,0,30059.2,12,1.331
2,gbn,1,31985.0,10,1.251
2,gbn,2,31460.5,10,1.271
2,sr,0,23198.4,12,1.724
2,sr,1,23572.6,12,1.697
2,sr,2,23492.4,11,1.703
4,stop-and-wait,0,15320.9,12,2.611
4,stop-and-wait,1,15312.6,12,2.612
4,stop-and-wait,2,16057.3,11,2.491
4,gbn,0,37204.3,22,1.075
4,gbn,1,43039.5,20,0.929
4,gbn,2,37394.5,24,1.07
4,sr,0,30619.1,12,1.306
4,sr,1,31471.6,12,1.271
4,sr,2,37985.6,11,1.053
8,stop-and-wait,0,15422.7,12,2.594
8,stop-and-wait,1,15368.3,12,2.603
8,stop-and-wait,2,15976.6,11,2.504
8,gbn,0,37929.3,52,1.055
8,gbn,1,42258.0,36,0.947
8,gbn,2,40849.8,41,0.979
8,sr,0,66213.7,12,0.604
8,sr,1,50323.3,12,0.795
8,sr,2,49012.6,11,0.816
16,stop-and-wait,0,15364.5,12,2.603
16,stop-and-wait,1,15334.2,12,2.609
16,stop-and-wait,2,16041.2,11,2.494
16,gbn,0,53772.1,72,0.744
16,gbn,1,63094.8,36,0.634
16,gbn,2,81729.7,48,0.489
16,sr,0,93190.7,12,0.429
16,sr,1,92811.7,12,0.431
16,sr,2,93284.2,11,0.429
