loss,protocol,run,goodput,retransmissions,time
0,stop-and-wait,0,30867.7,0,1.296
0,stop-and-wait,1,30954.9,0,1.292
0,stop-and-wait,2,30904.4,0,1.294
0,gbn,0,205104.7,0,0.195
0,gbn,1,205349.5,0,0.195
0,gbn,2,205660.1,0,0.194
0,sr,0,205708.3,0,0.194
0,sr,1,208180.4,0,0.192
0,sr,2,204289.0,0,0.196
0.05,stop-and-wait,0,19379.6,7,2.064
0.05,stop-and-wait,1,19445.7,7,2.057
0.05,stop-and-wait,2,21712.7,5,1.842
0.05,gbn,0,72111.6,24,0.555
0.05,gbn,1,89538.3,16,0.447
0.05,gbn,2,90080.1,16,0.444
0.05,sr,0,81136.9,7,0.493
0.05,sr,1,66516.2,7,0.601
0.05,sr,2,104951.3,5,0.381
0.1,stop-and-wait,0,15317.0,12,2.611
0.1,stop-and-wait,1,15302.9,12,2.614
0.1,stop-and-wait,2,15976.0,11,2.504
0.1,gbn,0,38092.3,52,1.05
0.1,gbn,1,42095.6,36,0.95
0.1,gbn,2,40678.5,41,0.983
0.1,sr,0,68179.4,12,0.587
0.1,sr,1,51524.3,12,0.776
0.1,sr,2,48429.0,11,0.826
0.15,stop-and-wait,0,9386.7,27,4.261
0.15,stop-and-wait,1,11802.7,19,3.389
0.15,stop-and-wait,2,11836.6,19,3.379
0.15,gbn,0,23978.0,89,1.668
0.15,gbn,1,37921.4,56,1.055
0.15,gbn,2,32438.8,61,1.233
0.15,sr,0,31672.4,27,1.263
0.15,sr,1,39247.1,19,1.019
0.15,sr,2,35673.1,19,1.121
0.2,stop-and-wait,0,6533.7,44,6.122
0.2,stop-and-wait,1,10465.6,23,3.822
0.2,stop-and-wait,2,9906.5,25,4.038
0.2,gbn,0,25611.0,77,1.562
0.2,gbn,1,18092.8,99,2.211
0.2,gbn,2,23904.9,84,1.673
0.2,sr,0,25331.0,44,1.579
0.2,sr,1,35621.8,23,1.123
0.2,sr,2,32625.3,25,1.226
0.25,stop-and-wait,0,6537.3,44,6.119
0.25,stop-and-wait,1,8978.6,29,4.455
0.25,stop-and-wait,2,7827.9,35,5.11
0.25,gbn,0,26406.6,75,1.515
0.25,gbn,1,19976.8,87,2.002
0.25,gbn,2,24962.8,92,1.602
0.25,sr,0,27147.9,44,1.473
0.25,sr,1,29981.8,29,1.334
0.25,sr,2,27166.7,35,1.472
0.3,stop-and-wait,0,6551.4,44,6.106
0.3,stop-and-wait,1,6807.2,42,5.876
0.3,stop-and-wait,2,7058.3,40,5.667
0.3,gbn,0,21752.6,82,1.839
0.3,gbn,1,17579.7,120,2.275
0.3,gbn,2,13305.4,172,3.006
0.3,sr,0,25209.9,44,1.587
0.3,sr,1,25533.1,42,1.567
0.3,sr,2,25257.6,40,1.584
